Summary Quite,edgar
http://www.nasdaq.com/symbol/xxii,http://secfilings.nasdaq.com/edgar_conv_html%2f2016%2f02%2f18%2f0001144204-16-083153.html#FIS_BUSINESS
http://www.nasdaq.com/symbol/acu,http://secfilings.nasdaq.com/edgar_conv_html%2f2016%2f03%2f11%2f0001026608-16-000091.html#FIS_BUSINESS
http://www.nasdaq.com/symbol/aiii,http://secfilings.nasdaq.com/edgar_conv_html%2f2016%2f03%2f15%2f0001552781-16-001406.html#FIS_BUSINESS
http://www.nasdaq.com/symbol/atnm,http://secfilings.nasdaq.com/edgar_conv_html%2f2016%2f03%2f11%2f0001213900-16-011534.html#FIS_BUSINESS
http://www.nasdaq.com/symbol/ae,http://secfilings.nasdaq.com/edgar_conv_html%2f2016%2f03%2f11%2f0000002178-16-000064.html#FIS_BUSINESS
http://www.nasdaq.com/symbol/adk,http://secfilings.nasdaq.com/edgar_conv_html%2f2016%2f03%2f30%2f0001004724-16-000179.html#FIS_BUSINESS
http://www.nasdaq.com/symbol/acy,http://secfilings.nasdaq.com/edgar_conv_html%2f2016%2f03%2f11%2f0001036848-16-000082.html#FIS_BUSINESS
http://www.nasdaq.com/symbol/airi,http://secfilings.nasdaq.com/edgar_conv_html%2f2016%2f04%2f04%2f0001193805-16-003011.html#FIS_BUSINESS
http://www.nasdaq.com/symbol/axu,http://secfilings.nasdaq.com/edgar_conv_html%2f2016%2f04%2f22%2f0001102624-16-002586.html#FIS_COMPANY_INFORMATION
http://www.nasdaq.com/symbol/aau,http://secfilings.nasdaq.com/edgar_conv_html%2f2016%2f03%2f31%2f0001102624-16-002439.html#FIS_COMPANY_INFORMATION
http://www.nasdaq.com/symbol/apt,http://secfilings.nasdaq.com/edgar_conv_html%2f2016%2f03%2f03%2f0001437749-16-026648.html#FIS_BUSINESS
http://www.nasdaq.com/symbol/aamc,http://secfilings.nasdaq.com/edgar_conv_html%2f2016%2f02%2f29%2f0001555074-16-000051.html#FIS_BUSINESS
http://www.nasdaq.com/symbol/dit,http://secfilings.nasdaq.com/edgar_conv_html%2f2016%2f11%2f08%2f0001558370-16-009684.html#FIS_BUSINESS
http://www.nasdaq.com/symbol/adge,http://secfilings.nasdaq.com/edgar_conv_html%2f2016%2f03%2f30%2f0001378706-16-000176.html#FIS_BUSINESS
http://www.nasdaq.com/symbol/aln,http://secfilings.nasdaq.com/edgar_conv_html%2f2015%2f04%2f15%2f0001062993-15-001971.html#FIS_BUSINESS
http://www.nasdaq.com/symbol/ams,http://secfilings.nasdaq.com/edgar_conv_html%2f2016%2f03%2f30%2f0001144204-16-091106.html#FIS_BUSINESS
http://www.nasdaq.com/symbol/ampe,http://secfilings.nasdaq.com/edgar_conv_html%2f2016%2f02%2f26%2f0001193125-16-479780.html#FIS_BUSINESS
http://www.nasdaq.com/symbol/aphb,http://secfilings.nasdaq.com/edgar_conv_html%2f2016%2f03%2f30%2f0001144204-16-091546.html#FIS_BUSINESS
http://www.nasdaq.com/symbol/axn,http://secfilings.nasdaq.com/edgar_conv_html%2f2016%2f10%2f05%2f0001096906-16-001934.html#FIS_BUSINESS
http://www.nasdaq.com/symbol/hrt,http://secfilings.nasdaq.com/edgar_conv_html%2f2016%2f03%2f10%2f0000819689-16-000096.html#FIS_BUSINESS
http://www.nasdaq.com/symbol/akg,http://secfilings.nasdaq.com/edgar_conv_html%2f2007%2f09%2f28%2f0001217160-07-000230.html#FIS_COMPANY_INFORMATION
http://www.nasdaq.com/symbol/ainc,http://secfilings.nasdaq.com/edgar_conv_html%2f2016%2f03%2f15%2f0001604738-16-000104.html#FIS_BUSINESS
http://www.nasdaq.com/symbol/ast,http://secfilings.nasdaq.com/edgar_conv_html%2f2016%2f03%2f29%2f0001140361-16-059357.html#FIS_BUSINESS
http://www.nasdaq.com/symbol/auxo,http://secfilings.nasdaq.com/edgar_conv_html%2f2016%2f03%2f30%2f0001445866-16-001814.html#FIS_BUSINESS
http://www.nasdaq.com/symbol/awx,http://secfilings.nasdaq.com/edgar_conv_html%2f2016%2f03%2f16%2f0001437749-16-027847.html#FIS_BUSINESS
http://www.nasdaq.com/symbol/asm,http://secfilings.nasdaq.com/edgar_conv_html%2f2015%2f05%2f11%2f0001477932-15-003004.html#FIS_COMPANY_INFORMATION
http://www.nasdaq.com/symbol/btn,http://secfilings.nasdaq.com/edgar_conv_html%2f2016%2f03%2f07%2f0001493152-16-007878.html#FIS_BUSINESS
http://www.nasdaq.com/symbol/bkj,http://secfilings.nasdaq.com/edgar_conv_html%2f2016%2f04%2f15%2f0001104659-16-111758.html#FIS_BUSINESS
http://www.nasdaq.com/symbol/baa,http://secfilings.nasdaq.com/edgar_conv_html%2f2009%2f03%2f31%2f0000912282-09-000497.html#FIS_BUSINESS
http://www.nasdaq.com/symbol/bhb,http://secfilings.nasdaq.com/edgar_conv_html%2f2016%2f03%2f14%2f0000743367-16-000122.html#FIS_BUSINESS
http://www.nasdaq.com/symbol/brn,http://secfilings.nasdaq.com/edgar_conv_html%2f2016%2f12%2f20%2f0000010048-16-000021.html#FIS_BUSINESS
http://www.nasdaq.com/symbol/bgsf,http://secfilings.nasdaq.com/edgar_conv_html%2f2016%2f03%2f07%2f0001474903-16-000092.html#FIS_BUSINESS
http://www.nasdaq.com/symbol/bpmx,http://secfilings.nasdaq.com/edgar_conv_html%2f2016%2f05%2f02%2f0001047469-16-012794.html#FIS_BUSINESS
http://www.nasdaq.com/symbol/btx,http://secfilings.nasdaq.com/edgar_conv_html%2f2016%2f03%2f15%2f0001140361-16-057879.html#FIS_BUSINESS
http://www.nasdaq.com/symbol/bgi,http://secfilings.nasdaq.com/edgar_conv_html%2f2016%2f06%2f30%2f0001193125-16-637910.html#FIS_COMPANY_INFORMATION
http://www.nasdaq.com/symbol/bdr,http://secfilings.nasdaq.com/edgar_conv_html%2f2016%2f03%2f30%2f0001144204-16-091323.html#FIS_BUSINESS
http://www.nasdaq.com/symbol/brg,http://secfilings.nasdaq.com/edgar_conv_html%2f2017%2f02%2f22%2f0001144204-17-010274.html#FIS_BUSINESS
http://www.nasdaq.com/symbol/bvx,http://secfilings.nasdaq.com/edgar_conv_html%2f2016%2f03%2f18%2f0001477932-16-009087.html#FIS_BUSINESS
http://www.nasdaq.com/symbol/cei,http://secfilings.nasdaq.com/edgar_conv_html%2f2016%2f07%2f13%2f0001580695-16-000544.html#FIS_BUSINESS
http://www.nasdaq.com/symbol/canf,http://secfilings.nasdaq.com/edgar_conv_html%2f2016%2f03%2f31%2f0001213900-16-012161.html#FIS_COMPANY_INFORMATION
http://www.nasdaq.com/symbol/rox,http://secfilings.nasdaq.com/edgar_conv_html%2f2016%2f06%2f14%2f0001144204-16-108091.html#FIS_BUSINESS
http://www.nasdaq.com/symbol/caw,http://secfilings.nasdaq.com/edgar_conv_html%2f2016%2f02%2f29%2f0000721447-16-000035.html#FIS_BUSINESS
http://www.nasdaq.com/symbol/cvm,http://secfilings.nasdaq.com/edgar_conv_html%2f2016%2f12%2f14%2f0001654954-16-004867.html#FIS_BUSINESS
http://www.nasdaq.com/symbol/leu,http://secfilings.nasdaq.com/edgar_conv_html%2f2016%2f03%2f23%2f0001065059-16-000061.html#FIS_BUSINESS
http://www.nasdaq.com/symbol/ccf,http://secfilings.nasdaq.com/edgar_conv_html%2f2016%2f11%2f14%2f0001558370-16-010069.html#FIS_BUSINESS
http://www.nasdaq.com/symbol/cqh,http://secfilings.nasdaq.com/edgar_conv_html%2f2017%2f02%2f24%2f0001582966-17-000013.html#FIS_BUSINESS
http://www.nasdaq.com/symbol/cqp,http://secfilings.nasdaq.com/edgar_conv_html%2f2017%2f02%2f24%2f0001383650-17-000011.html#FIS_BUSINESS
http://www.nasdaq.com/symbol/lng,http://secfilings.nasdaq.com/edgar_conv_html%2f2017%2f02%2f24%2f0000003570-17-000052.html#FIS_BUSINESS
http://www.nasdaq.com/symbol/cvr,http://secfilings.nasdaq.com/edgar_conv_html%2f2016%2f03%2f21%2f0001193125-16-511898.html#FIS_BUSINESS
http://www.nasdaq.com/symbol/cphi,http://secfilings.nasdaq.com/edgar_conv_html%2f2016%2f03%2f30%2f0001010549-16-000541.html#FIS_BUSINESS
http://www.nasdaq.com/symbol/ckx,http://secfilings.nasdaq.com/edgar_conv_html%2f2016%2f03%2f29%2f0001437749-16-028545.html#FIS_BUSINESS
http://www.nasdaq.com/symbol/cix,http://secfilings.nasdaq.com/edgar_conv_html%2f2016%2f03%2f03%2f0001564590-16-013997.html#FIS_BUSINESS
http://www.nasdaq.com/symbol/lode,http://secfilings.nasdaq.com/edgar_conv_html%2f2016%2f01%2f28%2f0001120970-16-000068.html#FIS_BUSINESS
http://www.nasdaq.com/symbol/cto,http://secfilings.nasdaq.com/edgar_conv_html%2f2017%2f02%2f24%2f0001558370-17-001013.html#FIS_BUSINESS
http://www.nasdaq.com/symbol/mcf,http://secfilings.nasdaq.com/edgar_conv_html%2f2016%2f03%2f14%2f0001071993-16-000071.html#FIS_BUSINESS
http://www.nasdaq.com/symbol/cuo,http://secfilings.nasdaq.com/edgar_conv_html%2f2016%2f04%2f01%2f0001558370-16-004498.html#FIS_BUSINESS
http://www.nasdaq.com/symbol/cmt,http://secfilings.nasdaq.com/edgar_conv_html%2f2016%2f03%2f11%2f0001026655-16-000044.html#FIS_BUSINESS
http://www.nasdaq.com/symbol/cvrs,http://secfilings.nasdaq.com/edgar_conv_html%2f2016%2f03%2f11%2f0001387131-16-004549.html#FIS_BUSINESS
http://www.nasdaq.com/symbol/crmd,http://secfilings.nasdaq.com/edgar_conv_html%2f2015%2f03%2f12%2f0001354488-15-001120.html#FIS_BUSINESS
http://www.nasdaq.com/symbol/cvu,http://secfilings.nasdaq.com/edgar_conv_html%2f2016%2f03%2f28%2f0001437749-16-028440.html#FIS_BUSINESS
http://www.nasdaq.com/symbol/crhm,http://secfilings.nasdaq.com/edgar_conv_html%2f2016%2f03%2f30%2f0001102624-16-002419.html#FIS_BUSINESS
http://www.nasdaq.com/symbol/crvp,http://secfilings.nasdaq.com/edgar_conv_html%2f2017%2f01%2f26%2f0001102624-17-000046.html#FIS_BUSINESS
http://www.nasdaq.com/symbol/dxr,http://secfilings.nasdaq.com/edgar_conv_html%2f2012%2f03%2f28%2f0001019056-12-000401.html#FIS_BUSINESS
http://www.nasdaq.com/symbol/dla,http://secfilings.nasdaq.com/edgar_conv_html%2f2016%2f11%2f29%2f0001101396-16-000097.html#FIS_BUSINESS
http://www.nasdaq.com/symbol/dnn,http://secfilings.nasdaq.com/edgar_conv_html%2f2016%2f03%2f29%2f0001193125-16-521525.html#FIS_BUSINESS
http://www.nasdaq.com/symbol/dgse,http://secfilings.nasdaq.com/edgar_conv_html%2f2016%2f03%2f30%2f0001144204-16-091577.html#FIS_BUSINESS
http://www.nasdaq.com/symbol/dpw,http://secfilings.nasdaq.com/edgar_conv_html%2f2016%2f03%2f30%2f0001437749-16-028665.html#FIS_BUSINESS
http://www.nasdaq.com/symbol/dss,http://secfilings.nasdaq.com/edgar_conv_html%2f2016%2f03%2f30%2f0001493152-16-008415.html#FIS_BUSINESS
http://www.nasdaq.com/symbol/este,http://secfilings.nasdaq.com/edgar_conv_html%2f2016%2f03%2f11%2f0001564590-16-014606.html#FIS_BUSINESS
http://www.nasdaq.com/symbol/elmd,http://secfilings.nasdaq.com/edgar_conv_html%2f2016%2f09%2f06%2f0000897101-16-002894.html#FIS_BUSINESS
http://www.nasdaq.com/symbol/ello,http://secfilings.nasdaq.com/edgar_conv_html%2f2016%2f03%2f23%2f0001178913-16-004812.html#FIS_COMPANY_INFORMATION
http://www.nasdaq.com/symbol/eman,http://secfilings.nasdaq.com/edgar_conv_html%2f2016%2f03%2f17%2f0001013762-16-001392.html#FIS_BUSINESS
http://www.nasdaq.com/symbol/msn,http://secfilings.nasdaq.com/edgar_conv_html%2f2016%2f06%2f29%2f0001564590-16-020955.html#FIS_BUSINESS
http://www.nasdaq.com/symbol/uuuu,http://secfilings.nasdaq.com/edgar_conv_html%2f2016%2f03%2f15%2f0001062993-16-008353.html#FIS_BUSINESS
http://www.nasdaq.com/symbol/enrj,http://secfilings.nasdaq.com/edgar_conv_html%2f2017%2f01%2f24%2f0001144204-17-003633.html#FIS_BUSINESS
http://www.nasdaq.com/symbol/ensv,http://secfilings.nasdaq.com/edgar_conv_html%2f2016%2f03%2f30%2f0001437749-16-028671.html#FIS_BUSINESS
http://www.nasdaq.com/symbol/esnc,http://secfilings.nasdaq.com/edgar_conv_html%2f2016%2f09%2f08%2f0001102624-16-003355.html#FIS_BUSINESS
http://www.nasdaq.com/symbol/egi,http://secfilings.nasdaq.com/edgar_conv_html%2f2015%2f03%2f31%2f0001102624-15-000476.html#FIS_COMPANY_INFORMATION
http://www.nasdaq.com/symbol/evi,http://secfilings.nasdaq.com/edgar_conv_html%2f2016%2f09%2f20%2f0001174947-16-003153.html#FIS_BUSINESS
http://www.nasdaq.com/symbol/ern,http://secfilings.nasdaq.com/edgar_conv_html%2f2016%2f03%2f24%2f0001402281-16-000077.html#FIS_BUSINESS
http://www.nasdaq.com/symbol/esp,http://secfilings.nasdaq.com/edgar_conv_html%2f2016%2f09%2f12%2f0001174947-16-003138.html#FIS_BUSINESS
http://www.nasdaq.com/symbol/emx,http://secfilings.nasdaq.com/edgar_conv_html%2f2016%2f04%2f01%2f0001062993-16-008694.html#FIS_COMPANY_INFORMATION
http://www.nasdaq.com/symbol/evbn,http://secfilings.nasdaq.com/edgar_conv_html%2f2016%2f03%2f03%2f0000842518-16-000092.html#FIS_BUSINESS
http://www.nasdaq.com/symbol/epm,http://secfilings.nasdaq.com/edgar_conv_html%2f2016%2f09%2f09%2f0001006655-16-000132.html#FIS_BUSINESS
http://www.nasdaq.com/symbol/xra,http://secfilings.nasdaq.com/edgar_conv_html%2f2009%2f04%2f01%2f0000912282-09-000504.html#FIS_BUSINESS
http://www.nasdaq.com/symbol/fpp,http://secfilings.nasdaq.com/edgar_conv_html%2f2016%2f03%2f30%2f0001654954-16-000204.html#FIS_BUSINESS
http://www.nasdaq.com/symbol/bdl,http://secfilings.nasdaq.com/edgar_conv_html%2f2016%2f12%2f23%2f0001174947-16-003557.html#FIS_BUSINESS
http://www.nasdaq.com/symbol/fsi,http://secfilings.nasdaq.com/edgar_conv_html%2f2016%2f03%2f30%2f0001354488-16-006808.html#FIS_BUSINESS
http://www.nasdaq.com/symbol/fsp,http://secfilings.nasdaq.com/edgar_conv_html%2f2017%2f02%2f15%2f0001558370-17-000607.html#FIS_BUSINESS
http://www.nasdaq.com/symbol/frd,http://secfilings.nasdaq.com/edgar_conv_html%2f2016%2f06%2f29%2f0001437749-16-034621.html#FIS_BUSINESS
http://www.nasdaq.com/symbol/egas,http://secfilings.nasdaq.com/edgar_conv_html%2f2016%2f03%2f15%2f0001144204-16-088193.html#FIS_BUSINESS
http://www.nasdaq.com/symbol/gst,http://secfilings.nasdaq.com/edgar_conv_html%2f2016%2f03%2f10%2f0001564590-16-014421.html#FIS_BUSINESS
http://www.nasdaq.com/symbol/job,http://secfilings.nasdaq.com/edgar_conv_html%2f2016%2f12%2f22%2f0001477932-16-014233.html#FIS_BUSINESS
http://www.nasdaq.com/symbol/gmo,http://secfilings.nasdaq.com/edgar_conv_html%2f2015%2f03%2f11%2f0001104659-15-018834.html#FIS_BUSINESS
http://www.nasdaq.com/symbol/gig,http://secfilings.nasdaq.com/edgar_conv_html%2f2016%2f03%2f14%2f0001140361-16-057556.html#FIS_BUSINESS
http://www.nasdaq.com/symbol/gsb,http://secfilings.nasdaq.com/edgar_conv_html%2f2016%2f03%2f03%2f0001185185-16-003826.html#FIS_BUSINESS
http://www.nasdaq.com/symbol/gsat,http://secfilings.nasdaq.com/edgar_conv_html%2f2017%2f02%2f23%2f0001366868-17-000019.html#FIS_BUSINESS
http://www.nasdaq.com/symbol/glow,http://secfilings.nasdaq.com/edgar_conv_html%2f2016%2f03%2f17%2f0000746210-16-000121.html#FIS_BUSINESS
http://www.nasdaq.com/symbol/goro,http://secfilings.nasdaq.com/edgar_conv_html%2f2016%2f03%2f09%2f0001558370-16-003907.html#FIS_BUSINESS
http://www.nasdaq.com/symbol/gsv,http://secfilings.nasdaq.com/edgar_conv_html%2f2015%2f04%2f29%2f0001193805-15-000653.html#FIS_COMPANY_INFORMATION
http://www.nasdaq.com/symbol/aumn,http://secfilings.nasdaq.com/edgar_conv_html%2f2016%2f02%2f25%2f0001104659-16-100057.html#FIS_BUSINESS
http://www.nasdaq.com/symbol/gss,http://secfilings.nasdaq.com/edgar_conv_html%2f2013%2f03%2f05%2f0000903571-13-000005.html#FIS_BUSINESS
http://www.nasdaq.com/symbol/gv,http://secfilings.nasdaq.com/edgar_conv_html%2f2016%2f03%2f16%2f0000042316-16-000065.html#FIS_BUSINESS
http://www.nasdaq.com/symbol/grc,http://secfilings.nasdaq.com/edgar_conv_html%2f2016%2f03%2f11%2f0001193125-16-501412.html#FIS_BUSINESS
http://www.nasdaq.com/symbol/gte,http://secfilings.nasdaq.com/edgar_conv_html%2f2016%2f02%2f29%2f0001273441-16-000052.html#FIS_BUSINESS
http://www.nasdaq.com/symbol/sim,http://secfilings.nasdaq.com/edgar_conv_html%2f2016%2f09%2f21%2f0000891092-16-017506.html#FIS_COMPANY_INFORMATION
http://www.nasdaq.com/symbol/gvp,http://secfilings.nasdaq.com/edgar_conv_html%2f2016%2f03%2f25%2f0000944480-16-000097.html#FIS_BUSINESS
http://www.nasdaq.com/symbol/hchc,http://secfilings.nasdaq.com/edgar_conv_html%2f2016%2f03%2f15%2f0001006837-16-000033.html#FIS_BUSINESS
http://www.nasdaq.com/symbol/heb,http://secfilings.nasdaq.com/edgar_conv_html%2f2016%2f03%2f29%2f0001615774-16-004671.html#FIS_BUSINESS
http://www.nasdaq.com/symbol/hlm^,http://secfilings.nasdaq.com/edgar_conv_html%2f2015%2f03%2f27%2f0001193125-15-109347.html#FIS_BUSINESS
http://www.nasdaq.com/symbol/hmg,http://secfilings.nasdaq.com/edgar_conv_html%2f2016%2f03%2f23%2f0001575872-16-000301.html#FIS_BUSINESS
http://www.nasdaq.com/symbol/hh,http://secfilings.nasdaq.com/edgar_conv_html%2f2016%2f03%2f30%2f0000741815-16-000088.html#FIS_BUSINESS
http://www.nasdaq.com/symbol/husa,http://secfilings.nasdaq.com/edgar_conv_html%2f2016%2f03%2f18%2f0001567619-16-002037.html#FIS_BUSINESS
http://www.nasdaq.com/symbol/ibio,http://secfilings.nasdaq.com/edgar_conv_html%2f2016%2f10%2f13%2f0001144204-16-127993.html#FIS_BUSINESS
http://www.nasdaq.com/symbol/iec,http://secfilings.nasdaq.com/edgar_conv_html%2f2016%2f12%2f16%2f0000049728-16-000203.html#FIS_BUSINESS
http://www.nasdaq.com/symbol/imuc,http://secfilings.nasdaq.com/edgar_conv_html%2f2016%2f03%2f30%2f0001628280-16-013931.html#FIS_BUSINESS
http://www.nasdaq.com/symbol/imh,http://secfilings.nasdaq.com/edgar_conv_html%2f2016%2f03%2f11%2f0001047469-16-011036.html#FIS_BUSINESS
http://www.nasdaq.com/symbol/imo,http://secfilings.nasdaq.com/edgar_conv_html%2f2017%2f02%2f23%2f0001193125-17-052422.html#FIS_BUSINESS
http://www.nasdaq.com/symbol/iot,http://secfilings.nasdaq.com/edgar_conv_html%2f2016%2f03%2f30%2f0001387131-16-004815.html#FIS_BUSINESS
http://www.nasdaq.com/symbol/irt,http://secfilings.nasdaq.com/edgar_conv_html%2f2016%2f03%2f11%2f0001564590-16-014497.html#FIS_BUSINESS
http://www.nasdaq.com/symbol/igc,http://secfilings.nasdaq.com/edgar_conv_html%2f2016%2f07%2f14%2f0001185185-16-004982.html#FIS_BUSINESS
http://www.nasdaq.com/symbol/infu,http://secfilings.nasdaq.com/edgar_conv_html%2f2016%2f12%2f12%2f0001193125-16-790843.html#FIS_BUSINESS
http://www.nasdaq.com/symbol/iht,http://secfilings.nasdaq.com/edgar_conv_html%2f2016%2f04%2f29%2f0001493152-16-009294.html#FIS_BUSINESS
http://www.nasdaq.com/symbol/nspr,http://secfilings.nasdaq.com/edgar_conv_html%2f2017%2f02%2f16%2f0001493152-17-001710.html#FIS_BUSINESS
http://www.nasdaq.com/symbol/ifmi,http://secfilings.nasdaq.com/edgar_conv_html%2f2016%2f03%2f09%2f0001270436-16-000019.html#FIS_BUSINESS
http://www.nasdaq.com/symbol/idn,http://secfilings.nasdaq.com/edgar_conv_html%2f2016%2f03%2f25%2f0001493152-16-008290.html#FIS_BUSINESS
http://www.nasdaq.com/symbol/ins,http://secfilings.nasdaq.com/edgar_conv_html%2f2016%2f03%2f16%2f0001437749-16-027785.html#FIS_BUSINESS
http://www.nasdaq.com/symbol/thm,http://secfilings.nasdaq.com/edgar_conv_html%2f2016%2f03%2f16%2f0001279569-16-002939.html#FIS_BUSINESS
http://www.nasdaq.com/symbol/intt,http://secfilings.nasdaq.com/edgar_conv_html%2f2016%2f03%2f29%2f0001036262-16-000039.html#FIS_BUSINESS
http://www.nasdaq.com/symbol/inuv,http://secfilings.nasdaq.com/edgar_conv_html%2f2017%2f02%2f16%2f0000829323-17-000010.html#FIS_BUSINESS
http://www.nasdaq.com/symbol/isr,http://secfilings.nasdaq.com/edgar_conv_html%2f2016%2f09%2f09%2f0001144204-16-123313.html#FIS_BUSINESS
http://www.nasdaq.com/symbol/isdr,http://secfilings.nasdaq.com/edgar_conv_html%2f2016%2f03%2f03%2f0001654954-16-000153.html#FIS_BUSINESS
http://www.nasdaq.com/symbol/jrjr,http://secfilings.nasdaq.com/edgar_conv_html%2f2016%2f06%2f28%2f0001628280-16-017399.html#FIS_BUSINESS
http://www.nasdaq.com/symbol/kiq,http://secfilings.nasdaq.com/edgar_conv_html%2f2016%2f03%2f31%2f0001062993-16-008640.html#FIS_COMPANY_INFORMATION
http://www.nasdaq.com/symbol/lts,http://secfilings.nasdaq.com/edgar_conv_html%2f2016%2f03%2f15%2f0001029730-16-000020.html#FIS_BUSINESS
http://www.nasdaq.com/symbol/lgl,http://secfilings.nasdaq.com/edgar_conv_html%2f2013%2f04%2f01%2f0000061004-13-000014.html#FIS_BUSINESS
http://www.nasdaq.com/symbol/lby,http://secfilings.nasdaq.com/edgar_conv_html%2f2016%2f02%2f29%2f0000902274-16-000250.html#FIS_BUSINESS
http://www.nasdaq.com/symbol/liqt,http://secfilings.nasdaq.com/edgar_conv_html%2f2016%2f03%2f23%2f0001437749-16-028290.html#FIS_BUSINESS
http://www.nasdaq.com/symbol/mcz,http://secfilings.nasdaq.com/edgar_conv_html%2f2016%2f06%2f02%2f0001564590-16-020244.html#FIS_BUSINESS
http://www.nasdaq.com/symbol/mag,http://secfilings.nasdaq.com/edgar_conv_html%2f2016%2f03%2f30%2f0001102624-16-002416.html#FIS_BUSINESS
http://www.nasdaq.com/symbol/mjco,http://secfilings.nasdaq.com/edgar_conv_html%2f2016%2f05%2f23%2f0001571049-16-015473.html#FIS_BUSINESS
http://www.nasdaq.com/symbol/mstx,http://secfilings.nasdaq.com/edgar_conv_html%2f2016%2f03%2f14%2f0001564590-16-014658.html#FIS_BUSINESS
http://www.nasdaq.com/symbol/mhh,http://secfilings.nasdaq.com/edgar_conv_html%2f2016%2f03%2f25%2f0001193125-16-517521.html#FIS_BUSINESS
http://www.nasdaq.com/symbol/ipb,http://secfilings.nasdaq.com/edgar_conv_html%2f2014%2f03%2f27%2f0001174947-14-000122.html#FIS_BUSINESS
http://www.nasdaq.com/symbol/mxc,http://secfilings.nasdaq.com/edgar_conv_html%2f2016%2f06%2f29%2f0001493152-16-011127.html#FIS_BUSINESS
http://www.nasdaq.com/symbol/mpo,http://secfilings.nasdaq.com/edgar_conv_html%2f2016%2f03%2f30%2f0001047469-16-011743.html#FIS_BUSINESS
http://www.nasdaq.com/symbol/mlss,http://secfilings.nasdaq.com/edgar_conv_html%2f2016%2f04%2f06%2f0001564590-16-015942.html#FIS_BUSINESS
http://www.nasdaq.com/symbol/nnvc,http://secfilings.nasdaq.com/edgar_conv_html%2f2016%2f09%2f16%2f0001144204-16-124276.html#FIS_BUSINESS
http://www.nasdaq.com/symbol/nhc,http://secfilings.nasdaq.com/edgar_conv_html%2f2017%2f02%2f15%2f0001047335-17-000042.html#FIS_BUSINESS
http://www.nasdaq.com/symbol/navb,http://secfilings.nasdaq.com/edgar_conv_html%2f2016%2f03%2f23%2f0001564590-16-015173.html#FIS_BUSINESS
http://www.nasdaq.com/symbol/ntip,http://secfilings.nasdaq.com/edgar_conv_html%2f2016%2f03%2f30%2f0001072613-16-000745.html#FIS_BUSINESS
http://www.nasdaq.com/symbol/uwn,http://secfilings.nasdaq.com/edgar_conv_html%2f2016%2f07%2f29%2f0001144204-16-115237.html#FIS_BUSINESS
http://www.nasdaq.com/symbol/gbr,http://secfilings.nasdaq.com/edgar_conv_html%2f2016%2f03%2f30%2f0001010549-16-000535.html#FIS_BUSINESS
http://www.nasdaq.com/symbol/nen,http://secfilings.nasdaq.com/edgar_conv_html%2f2016%2f03%2f11%2f0001558370-16-004053.html#FIS_BUSINESS
http://www.nasdaq.com/symbol/ngd,http://secfilings.nasdaq.com/edgar_conv_html%2f2010%2f03%2f26%2f0001204459-10-000637.html#FIS_BUSINESS
http://www.nasdaq.com/symbol/hlth,http://secfilings.nasdaq.com/edgar_conv_html%2f2016%2f03%2f15%2f0001062993-16-008351.html#FIS_BUSINESS
http://www.nasdaq.com/symbol/nsat,http://secfilings.nasdaq.com/edgar_conv_html%2f2016%2f03%2f18%2f0001176256-16-000477.html#FIS_COMPANY_INFORMATION
http://www.nasdaq.com/symbol/nak,http://secfilings.nasdaq.com/edgar_conv_html%2f2016%2f05%2f02%2f0001062993-16-009358.html#FIS_COMPANY_INFORMATION
http://www.nasdaq.com/symbol/nog,http://secfilings.nasdaq.com/edgar_conv_html%2f2016%2f03%2f03%2f0001104485-16-000049.html#FIS_BUSINESS
http://www.nasdaq.com/symbol/nby,http://secfilings.nasdaq.com/edgar_conv_html%2f2016%2f03%2f04%2f0001437749-16-026877.html#FIS_BUSINESS
http://www.nasdaq.com/symbol/ng,http://secfilings.nasdaq.com/edgar_conv_html%2f2017%2f01%2f25%2f0001171843-17-000429.html#FIS_BUSINESS
http://www.nasdaq.com/symbol/ntn,http://secfilings.nasdaq.com/edgar_conv_html%2f2016%2f03%2f15%2f0001493152-16-008049.html#FIS_BUSINESS
http://www.nasdaq.com/symbol/ocx,http://secfilings.nasdaq.com/edgar_conv_html%2f2016%2f03%2f30%2f0001140361-16-059543.html#FIS_BUSINESS
http://www.nasdaq.com/symbol/ogen,http://secfilings.nasdaq.com/edgar_conv_html%2f2016%2f03%2f30%2f0001193125-16-523810.html#FIS_BUSINESS
http://www.nasdaq.com/symbol/tis,http://secfilings.nasdaq.com/edgar_conv_html%2f2016%2f03%2f07%2f0001437749-16-026983.html#FIS_BUSINESS
http://www.nasdaq.com/symbol/onp,http://secfilings.nasdaq.com/edgar_conv_html%2f2016%2f03%2f23%2f0001213900-16-011815.html#FIS_BUSINESS
http://www.nasdaq.com/symbol/orm,http://secfilings.nasdaq.com/edgar_conv_html%2f2016%2f03%2f14%2f0000841501-16-000058.html#FIS_BUSINESS
http://www.nasdaq.com/symbol/pcg^a,http://secfilings.nasdaq.com/edgar_conv_html%2f2017%2f02%2f16%2f0001004980-17-000006.html#FIS_BUSINESS
http://www.nasdaq.com/symbol/pcg^b,http://secfilings.nasdaq.com/edgar_conv_html%2f2017%2f02%2f16%2f0001004980-17-000006.html#FIS_BUSINESS
http://www.nasdaq.com/symbol/pcg^c,http://secfilings.nasdaq.com/edgar_conv_html%2f2017%2f02%2f16%2f0001004980-17-000006.html#FIS_BUSINESS
http://www.nasdaq.com/symbol/pcg^d,http://secfilings.nasdaq.com/edgar_conv_html%2f2017%2f02%2f16%2f0001004980-17-000006.html#FIS_BUSINESS
http://www.nasdaq.com/symbol/pcg^e,http://secfilings.nasdaq.com/edgar_conv_html%2f2017%2f02%2f16%2f0001004980-17-000006.html#FIS_BUSINESS
http://www.nasdaq.com/symbol/pcg^g,http://secfilings.nasdaq.com/edgar_conv_html%2f2017%2f02%2f16%2f0001004980-17-000006.html#FIS_BUSINESS
http://www.nasdaq.com/symbol/pcg^h,http://secfilings.nasdaq.com/edgar_conv_html%2f2017%2f02%2f16%2f0001004980-17-000006.html#FIS_BUSINESS
http://www.nasdaq.com/symbol/pcg^i,http://secfilings.nasdaq.com/edgar_conv_html%2f2017%2f02%2f16%2f0001004980-17-000006.html#FIS_BUSINESS
http://www.nasdaq.com/symbol/ptn,http://secfilings.nasdaq.com/edgar_conv_html%2f2016%2f09%2f19%2f0001654954-16-002272.html#FIS_BUSINESS
http://www.nasdaq.com/symbol/parr,http://secfilings.nasdaq.com/edgar_conv_html%2f2016%2f03%2f03%2f0000821483-16-000040.html#FIS_BUSINESS
http://www.nasdaq.com/symbol/pzg,http://secfilings.nasdaq.com/edgar_conv_html%2f2016%2f09%2f16%2f0001564590-16-025274.html#FIS_BUSINESS
http://www.nasdaq.com/symbol/teum,http://secfilings.nasdaq.com/edgar_conv_html%2f2016%2f03%2f30%2f0001144204-16-091642.html#FIS_BUSINESS
http://www.nasdaq.com/symbol/prk,http://secfilings.nasdaq.com/edgar_conv_html%2f2017%2f02%2f21%2f0000805676-17-000028.html#FIS_BUSINESS
http://www.nasdaq.com/symbol/ped,http://secfilings.nasdaq.com/edgar_conv_html%2f2016%2f03%2f29%2f0001354488-16-006745.html#FIS_BUSINESS
http://www.nasdaq.com/symbol/pfnx,http://secfilings.nasdaq.com/edgar_conv_html%2f2016%2f03%2f10%2f0001193125-16-500204.html#FIS_BUSINESS
http://www.nasdaq.com/symbol/pip,http://secfilings.nasdaq.com/edgar_conv_html%2f2016%2f03%2f11%2f0001144204-16-087617.html#FIS_BUSINESS
http://www.nasdaq.com/symbol/plg,http://secfilings.nasdaq.com/edgar_conv_html%2f2007%2f05%2f22%2f0001137171-07-000763.html#FIS_COMPANY_INFORMATION
http://www.nasdaq.com/symbol/plm,http://secfilings.nasdaq.com/edgar_conv_html%2f2016%2f04%2f21%2f0001062993-16-009152.html#FIS_COMPANY_INFORMATION
http://www.nasdaq.com/symbol/pw,http://secfilings.nasdaq.com/edgar_conv_html%2f2016%2f03%2f30%2f0001493152-16-008395.html#FIS_BUSINESS
http://www.nasdaq.com/symbol/plx,http://secfilings.nasdaq.com/edgar_conv_html%2f2016%2f03%2f08%2f0001144204-16-086642.html#FIS_BUSINESS
http://www.nasdaq.com/symbol/rlgt,http://secfilings.nasdaq.com/edgar_conv_html%2f2016%2f09%2f13%2f0001564590-16-025164.html#FIS_BUSINESS
http://www.nasdaq.com/symbol/reed,http://secfilings.nasdaq.com/edgar_conv_html%2f2016%2f03%2f23%2f0001493152-16-008215.html#FIS_BUSINESS
http://www.nasdaq.com/symbol/rwc,http://secfilings.nasdaq.com/edgar_conv_html%2f2016%2f03%2f02%2f0001354488-16-006435.html#FIS_BUSINESS
http://www.nasdaq.com/symbol/rvp,http://secfilings.nasdaq.com/edgar_conv_html%2f2016%2f03%2f30%2f0001104659-16-108770.html#FIS_BUSINESS
http://www.nasdaq.com/symbol/rnn,http://secfilings.nasdaq.com/edgar_conv_html%2f2017%2f02%2f24%2f0001140361-17-009132.html#FIS_BUSINESS
http://www.nasdaq.com/symbol/rei,http://secfilings.nasdaq.com/edgar_conv_html%2f2016%2f03%2f15%2f0001144204-16-088170.html#FIS_BUSINESS
http://www.nasdaq.com/symbol/sga,http://secfilings.nasdaq.com/edgar_conv_html%2f2016%2f03%2f14%2f0001144204-16-087815.html#FIS_BUSINESS
http://www.nasdaq.com/symbol/ssn,http://secfilings.nasdaq.com/edgar_conv_html%2f2016%2f09%2f29%2f0001144204-16-125883.html#FIS_BUSINESS
http://www.nasdaq.com/symbol/spp,http://secfilings.nasdaq.com/edgar_conv_html%2f2016%2f03%2f30%2f0001558370-16-004482.html#FIS_BUSINESS
http://www.nasdaq.com/symbol/seb,http://secfilings.nasdaq.com/edgar_conv_html%2f2017%2f02%2f21%2f0000088121-17-000016.html#FIS_BUSINESS
http://www.nasdaq.com/symbol/sens,http://secfilings.nasdaq.com/edgar_conv_html%2f2017%2f02%2f23%2f0001558370-17-000899.html#FIS_BUSINESS
http://www.nasdaq.com/symbol/svt,http://secfilings.nasdaq.com/edgar_conv_html%2f2016%2f03%2f21%2f0001571049-16-013245.html#FIS_BUSINESS
http://www.nasdaq.com/symbol/sif,http://secfilings.nasdaq.com/edgar_conv_html%2f2016%2f12%2f06%2f0000090168-16-000108.html#FIS_BUSINESS
http://www.nasdaq.com/symbol/sky,http://secfilings.nasdaq.com/edgar_conv_html%2f2016%2f08%2f05%2f0001193125-16-673582.html#FIS_BUSINESS
http://www.nasdaq.com/symbol/xpl,http://secfilings.nasdaq.com/edgar_conv_html%2f2016%2f03%2f03%2f0000917225-16-000041.html#FIS_BUSINESS
http://www.nasdaq.com/symbol/sce^b,http://secfilings.nasdaq.com/edgar_conv_html%2f2017%2f02%2f21%2f0000827052-17-000033.html#FIS_BUSINESS
http://www.nasdaq.com/symbol/sce^c,http://secfilings.nasdaq.com/edgar_conv_html%2f2017%2f02%2f21%2f0000827052-17-000033.html#FIS_BUSINESS
http://www.nasdaq.com/symbol/sce^d,http://secfilings.nasdaq.com/edgar_conv_html%2f2017%2f02%2f21%2f0000827052-17-000033.html#FIS_BUSINESS
http://www.nasdaq.com/symbol/sce^e,http://secfilings.nasdaq.com/edgar_conv_html%2f2017%2f02%2f21%2f0000827052-17-000033.html#FIS_BUSINESS
http://www.nasdaq.com/symbol/sgb,http://secfilings.nasdaq.com/edgar_conv_html%2f2016%2f03%2f30%2f0000315849-16-000045.html#FIS_BUSINESS
http://www.nasdaq.com/symbol/lov,http://secfilings.nasdaq.com/edgar_conv_html%2f2016%2f03%2f11%2f0001564590-16-014485.html#FIS_BUSINESS
http://www.nasdaq.com/symbol/strp,http://secfilings.nasdaq.com/edgar_conv_html%2f2016%2f10%2f13%2f0001213900-16-017495.html#FIS_BUSINESS
http://www.nasdaq.com/symbol/ssy,http://secfilings.nasdaq.com/edgar_conv_html%2f2016%2f09%2f30%2f0001193125-16-726649.html#FIS_BUSINESS
http://www.nasdaq.com/symbol/sdpi,http://secfilings.nasdaq.com/edgar_conv_html%2f2016%2f03%2f30%2f0001144204-16-091624.html#FIS_BUSINESS
http://www.nasdaq.com/symbol/sts,http://secfilings.nasdaq.com/edgar_conv_html%2f2016%2f02%2f26%2f0001104659-16-100382.html#FIS_BUSINESS
http://www.nasdaq.com/symbol/syrg,http://secfilings.nasdaq.com/edgar_conv_html%2f2017%2f02%2f23%2f0001413507-17-000032.html#FIS_BUSINESS
http://www.nasdaq.com/symbol/syn,http://secfilings.nasdaq.com/edgar_conv_html%2f2016%2f03%2f10%2f0001144204-16-087267.html#FIS_BUSINESS
http://www.nasdaq.com/symbol/trx,http://secfilings.nasdaq.com/edgar_conv_html%2f2013%2f11%2f15%2f0001137171-13-000367.html#FIS_COMPANY_INFORMATION
http://www.nasdaq.com/symbol/tgb,http://secfilings.nasdaq.com/edgar_conv_html%2f2010%2f04%2f01%2f0001062993-10-001066.html#FIS_BUSINESS
http://www.nasdaq.com/symbol/tik,http://secfilings.nasdaq.com/edgar_conv_html%2f2016%2f06%2f29%2f0001185185-16-004889.html#FIS_BUSINESS
http://www.nasdaq.com/symbol/tgc,http://secfilings.nasdaq.com/edgar_conv_html%2f2016%2f03%2f30%2f0001140361-16-059420.html#FIS_BUSINESS
http://www.nasdaq.com/symbol/txmd,http://secfilings.nasdaq.com/edgar_conv_html%2f2016%2f02%2f26%2f0001387131-16-004361.html#FIS_BUSINESS
http://www.nasdaq.com/symbol/tmp,http://secfilings.nasdaq.com/edgar_conv_html%2f2016%2f03%2f15%2f0001387131-16-004584.html#FIS_BUSINESS
http://www.nasdaq.com/symbol/tat,http://secfilings.nasdaq.com/edgar_conv_html%2f2016%2f03%2f30%2f0001564590-16-015647.html#FIS_BUSINESS
http://www.nasdaq.com/symbol/trxc,http://secfilings.nasdaq.com/edgar_conv_html%2f2016%2f03%2f03%2f0001193125-16-491817.html#FIS_BUSINESS
http://www.nasdaq.com/symbol/tplm,http://secfilings.nasdaq.com/edgar_conv_html%2f2016%2f04%2f14%2f0001558370-16-004642.html#FIS_BUSINESS
http://www.nasdaq.com/symbol/tmq,http://secfilings.nasdaq.com/edgar_conv_html%2f2017%2f02%2f03%2f0001279569-17-000161.html#FIS_BUSINESS
http://www.nasdaq.com/symbol/tphs,http://secfilings.nasdaq.com/edgar_conv_html%2f2016%2f03%2f14%2f0001144204-16-087869.html#FIS_BUSINESS
http://www.nasdaq.com/symbol/trt,http://secfilings.nasdaq.com/edgar_conv_html%2f2016%2f09%2f30%2f0001415889-16-007232.html#FIS_BUSINESS
http://www.nasdaq.com/symbol/htm,http://secfilings.nasdaq.com/edgar_conv_html%2f2016%2f03%2f10%2f0001062993-16-008266.html#FIS_BUSINESS
http://www.nasdaq.com/symbol/ufab,http://secfilings.nasdaq.com/edgar_conv_html%2f2016%2f03%2f09%2f0001617669-16-000044.html#FIS_BUSINESS
http://www.nasdaq.com/symbol/uamy,http://secfilings.nasdaq.com/edgar_conv_html%2f2013%2f01%2f08%2f0001354488-13-000058.html#FIS_BUSINESS
http://www.nasdaq.com/symbol/uuu,http://secfilings.nasdaq.com/edgar_conv_html%2f2016%2f09%2f28%2f0001144204-16-125749.html#FIS_BUSINESS
http://www.nasdaq.com/symbol/uqm,http://secfilings.nasdaq.com/edgar_conv_html%2f2016%2f06%2f07%2f0000315449-16-000115.html#FIS_BUSINESS
http://www.nasdaq.com/symbol/urg,http://secfilings.nasdaq.com/edgar_conv_html%2f2016%2f02%2f26%2f0001558370-16-003622.html#FIS_BUSINESS
http://www.nasdaq.com/symbol/uec,http://secfilings.nasdaq.com/edgar_conv_html%2f2016%2f10%2f14%2f0001279569-16-004485.html#FIS_BUSINESS
http://www.nasdaq.com/symbol/vsr,http://secfilings.nasdaq.com/edgar_conv_html%2f2014%2f09%2f10%2f0001144204-14-055143.html#FIS_BUSINESS
http://www.nasdaq.com/symbol/vii,http://secfilings.nasdaq.com/edgar_conv_html%2f2017%2f01%2f13%2f0000310056-17-000002.html#FIS_BUSINESS
http://www.nasdaq.com/symbol/vhc,http://secfilings.nasdaq.com/edgar_conv_html%2f2016%2f03%2f15%2f0001567619-16-002021.html#FIS_BUSINESS
http://www.nasdaq.com/symbol/vgz,http://secfilings.nasdaq.com/edgar_conv_html%2f2017%2f02%2f22%2f0000783324-17-000005.html#FIS_BUSINESS
http://www.nasdaq.com/symbol/vnrx,http://secfilings.nasdaq.com/edgar_conv_html%2f2016%2f03%2f11%2f0001078782-16-002414.html#FIS_BUSINESS
http://www.nasdaq.com/symbol/visi,http://secfilings.nasdaq.com/edgar_conv_html%2f2017%2f01%2f12%2f0000103872-17-000006.html#FIS_BUSINESS
http://www.nasdaq.com/symbol/wrn,http://secfilings.nasdaq.com/edgar_conv_html%2f2016%2f03%2f24%2f0001062993-16-008492.html#FIS_COMPANY_INFORMATION
http://www.nasdaq.com/symbol/wyy,http://secfilings.nasdaq.com/edgar_conv_html%2f2016%2f03%2f15%2f0001144204-16-088207.html#FIS_BUSINESS
http://www.nasdaq.com/symbol/wtt,http://secfilings.nasdaq.com/edgar_conv_html%2f2016%2f03%2f29%2f0000930413-16-006253.html#FIS_BUSINESS
http://www.nasdaq.com/symbol/xtnt,http://secfilings.nasdaq.com/edgar_conv_html%2f2016%2f03%2f24%2f0001144204-16-090163.html#FIS_BUSINESS
http://www.nasdaq.com/symbol/yuma,http://secfilings.nasdaq.com/edgar_conv_html%2f2016%2f05%2f23%2f0001354488-16-007616.html#FIS_BUSINESS
http://www.nasdaq.com/symbol/zdge,http://secfilings.nasdaq.com/edgar_conv_html%2f2016%2f10%2f26%2f0001213900-16-017726.html#FIS_BUSINESS
